id,grade,classname,score,personnumber,professor,place,cn1,start1,end1,cn2,start2,end2
100100001,2,TOEIC,2,-1,김은지,법정,112,14,15,NULL,NULL,NULL
100105001,2,부산과세계,2,-1,정주영,사이버,-1,-1,-1,NULL,NULL,NULL
200636001,2,건강생활과스포츠,2,-1,박문수,상경,213,23,24,NULL,NULL,NULL
200698001,2,생활디자인과문화,2,-1,이동렬,지천관,515,23,24,NULL,NULL,NULL
200702001,2,한국현대사산책,2,-1,서강현,2인,210,23,24,NULL,NULL,NULL
200721001,2,생활과세금,2,-1,박상봉,국제,406,7,8,NULL,NULL,NULL
200725001,2,기업가정신과창업,2,-1,손정곤,정보,810,23,24,NULL,NULL,NULL
200733001,2,자기계발과진로탐색,2,-1,한수환,자대,120,7,8,NULL,NULL,NULL
200755001,2,생활속의생화학,2,-1,허만규,자대,517,14,15,NULL,NULL,NULL
200756001,2,실전창업과성공전략,2,-1,박태억,국제,909,7,8,NULL,NULL,NULL
200763001,2,산업생태계의이해,2,-1,강병영,사이버,-1,-1,-1,NULL,NULL,NULL
200775001,2,이미지문화유산탐구,2,-1,박순준,2인,602,14,15,NULL,NULL,NULL
200808001,2,현대인의웰니스와생활스포츠,2,-1,박철홍,상경,315,23,24,NULL,NULL,NULL
200906001,2,게임이론과전략적사고의이해,2,-1,김용하,공과,127,31,32,NULL,NULL,NULL
200907001,2,공무원수험영어가이드,2,-1,이혜진,정보,322,14,15,NULL,NULL,NULL
200908001,2,교양농구,2,-1,박찬호,스포츠센터,401,7,8,NULL,NULL,NULL
200912001,2,글로벌경영시대무역창업의이해,2,-1,박영태,국제,503,7,8,NULL,NULL,NULL
200913001,2,글로벌경영시대취업물류따라잡기,2,-1,박영태,사이버,-1,-1,-1,NULL,NULL,NULL
200915001,2,다문화의이해,2,-1,다께이찌,상경,413,14,15,NULL,NULL,NULL
200916001,2,대학생의행복한삶의열쇠찾기,2,-1,신정택,상경,215,7,8,NULL,NULL,NULL
200918001,2,동화속철학읽기,2,-1,박진,1인,414,23,24,NULL,NULL,NULL
200919001,2,디지털시대의역사문화,2,-1,박순준,1인,601,23,24,NULL,NULL,NULL
200925001,2,문화코드로읽는일본이야기,2,-1,이경규,2인,410,23,24,NULL,NULL,NULL
200929001,2,부산의역사와문화,2,-1,김인호,1인,610,23,24,NULL,NULL,NULL
200933001,2,삶과예술그리고인문학,2,-1,정혜경,2인,507,31,32,NULL,NULL,NULL
200935001,2,생활속의부동산과증권,2,-1,박태진,사이버,-1,-1,-1,NULL,NULL,NULL
200936001,2,생활안전개론,2,-1,진병문,자대,620,14,15,NULL,NULL,NULL
200940001,2,소자본창업경영,2,-1,박철제,사이버,-1,-1,-1,NULL,NULL,NULL
200943001,2,소프트웨어중심사회와벤처창업,2,-1,김근형,산학,522,23,24,NULL,NULL,NULL
200951001,2,엑셀로배우는수학,2,-1,김수환,자대,626,23,24,NULL,NULL,NULL
200952001,2,여대생진로설계,2,-1,이경민,공과,229,14,15,NULL,NULL,NULL
200955001,2,영화로읽는중국근현대사,2,-1,김형열,2인,602,31,32,NULL,NULL,NULL
200957001,2,영화속의과학이해,2,-1,이혜진,법정,207,7,8,NULL,NULL,NULL
200958001,2,영화속젠더로읽는행복록,2,-1,정혜경,상경,415,7,8,NULL,NULL,NULL
200959001,2,예술디자인과조형,2,-1,김종엽,생과,217,7,8,NULL,NULL,NULL
200960001,2,와인문화및환대산업,2,-1,유성원,국제,903,14,15,NULL,NULL,NULL
200961001,2,원아시아공동체론,2,-1,다께이찌,2인,210,5,6,NULL,NULL,NULL
200964001,2,융복합적사고와실천,2,-1,김성희,사이버,-1,-1,-1,NULL,NULL,NULL
200967001,2,인디게임창업,2,-1,서진석,산학,623,14,15,NULL,NULL,NULL
200968001,2,인문과학의지식세계,2,-1,문두열,공과,327,31,32,NULL,NULL,NULL
200969001,2,인문학과커뮤니케이션,2,-1,고미나,1인,414,14,15,NULL,NULL,NULL
200970001,2,인문학으로읽는성격이야기,2,-1,고미나,1인,611,23,24,NULL,NULL,NULL
200972001,2,일본어능력평가시험,2,-1,다께이찌,2인,213,23,24,NULL,NULL,NULL
200976001,2,지구환경과지속가능발전,2,-1,임동순,사이버,-1,-1,-1,NULL,NULL,NULL
200979001,2,창업을위한법률,2,-1,정하윤,법정,201,31,32,NULL,NULL,NULL
200981001,2,청년창업의이해,2,-1,오세웅,산학,712,7,8,NULL,NULL,NULL
200982001,2,취창업스타트업잉글리쉬,2,-1,김경미,법정,112,7,8,NULL,NULL,NULL
200983001,2,친환경주거시설에대한이해,2,-1,박경순,공과,616,7,8,NULL,NULL,NULL
200984001,2,커리어정보및기술능력,2,-1,추성경,산학,711,31,32,NULL,NULL,NULL
200985001,2,커리어직업윤리및대인관계능력,2,-1,추성경,공과,619,14,15,NULL,NULL,NULL
200986001,2,커리어의사소통및문제해결능력,2,-1,윤혜경,정보,322,33,34,NULL,NULL,NULL
200987001,2,커리어자기개발및조직이해능력,2,-1,김철민,국제,403,23,24,NULL,NULL,NULL
200988001,2,커리어자원관리및수리능력,2,-1,윤혜경,정보,322,35,36,NULL,NULL,NULL
200992001,2,한국인의법과생활,2,-1,류성진,법정,406,23,24,NULL,NULL,NULL
200993001,2,행복한결혼과예비부모교육,2,-1,양외금,생과,502,23,24,NULL,NULL,NULL
200994001,2,행복한인생설계재무설계,2,-1,박광수,사이버,-1,-1,-1,NULL,NULL,NULL
201023001,2,소통과젠더,2,-1,유창민,2인,210,7,8,NULL,NULL,NULL
201039001,2,나도크리에이터,2,-1,박은희,산학,522,14,15,NULL,NULL,NULL
201040001,2,멘토독일어,2,-1,안장혁,2인,507,23,24,NULL,NULL,NULL
201041001,2,멘토찾기,2,-1,김경미,2인,507,14,15,NULL,NULL,NULL
201042001,2,문화유산으로배우는부산,2,-1,김도희,2인,507,7,8,NULL,NULL,NULL
201043001,2,바이러스와인류의전쟁,2,-1,진수정,생과,502,14,15,NULL,NULL,NULL
201044001,2,소통을위한대화법,2,-1,정윤희,1인,612,31,32,NULL,NULL,NULL
201045001,2,승자의자기경영,2,-1,박상욱,2인,209,14,15,NULL,NULL,NULL
201046001,2,어서와!인구교육은처음이지?,2,-1,이미화,2인,409,31,32,NULL,NULL,NULL
201047001,2,전통식의약,2,-1,윤희정,자대,115,14,15,NULL,NULL,NULL
201048001,2,절세를위한세법,2,-1,정화윤,법정,207,23,24,NULL,NULL,NULL
201049001,2,축구와월드컵,2,-1,진영완,상경,315,14,15,NULL,NULL,NULL
201050001,2,포스트휴먼의이해,2,-1,윤혜경,사이버,-1,-1,-1,NULL,NULL,NULL
201051001,2,피부와화장품,2,-1,윤희정,자대,418,23,24,NULL,NULL,NULL
201052001,2,한글맞춤법과표준어,2,-1,최미현,1인,610,7,8,NULL,NULL,NULL
201053001,2,합창과보컬트레이닝,2,-1,최훈녀,예체,301,14,15,NULL,NULL,NULL
505301001,2,디지털사진학,2,-1,이준상,지천관,515,7,8,NULL,NULL,NULL
509063001,2,현대생활과체육,2,-1,김수정,상경,215,23,24,NULL,NULL,NULL
