id,grade,classname,score,personnumber,professor,place,cn1,start1,end1,cn2,start2,end2
200769001,3,지역기업탐색과취업전략,2,-1,이종극,자대,120,23,24,NULL,NULL,NULL
200914001,3,기업채용직무적성특강,2,-1,조재균,공대,419,14,15,NULL,NULL,NULL
200953001,3,여대생취업실천전략,2,-1,이경민,자대,524,31,32,NULL,NULL,NULL
200973001,3,자기분석과경력관리,2,-1,김삼열,공과,318,14,15,NULL,NULL,NULL
201055001,3,글로벌소양과해외취업전략,2,-1,전경란,자대,120,31,32,NULL,NULL,NULL
