id,grade,classname,score,personnumber,professor,place,cn1,start1,end1,cn2,start2,end2
500893001,3,데이터통신,3,30,김민영,정보,810,12,12,811,33,34
500893002,3,데이터통신,3,30,김민영,정보,810,13,13,812,17,18
502098001,3,소프트웨어공학,3,30,장성진,정보,810,29,30,814,35,36
502098002,3,소프트웨어공학,3,30,장성진,정보,810,29,30,814,38,39
502695001,3,운영체제,3,70,장수미,정보,812,4,4,810,17,18
502695002,3,운영체제,3,70,장수미,정보,812,7,8,810,19,19
502714001,3,웹프로그래밍,3,40,이창열,정보,814,5,6,812,9,10
502714002,3,웹프로그래밍,3,40,이창열,정보,814,7,8,812,9,10
506923001,3,데이터베이스,3,40,김진덕,정보,816,5,6,811,23,24
506923002,3,데이터베이스,3,40,김진덕,정보,816,14,15,811,23,24
507193001,3,임베디드시스템및실습,3,30,최병윤,정보,815,21,22,810,25,26
507193002,3,임베디드시스템및실습,3,30,최병윤,정보,815,11,12,810,25,26
508707009,3,캡스톤디자인1,1,40,박태억,정보,811,37,37,NULL,NULL,NULL
508707010,3,캡스톤디자인1,1,40,박태억,정보,811,38,38,NULL,NULL,NULL
