id,grade,classname,score,personnumber,professor,place,cn1,start1,end1,cn2,start2,end2
503872001,2,컴퓨터구조,3,50,이문노,정보,811,17,17,812,34,35
503872002,2,컴퓨터구조,3,50,이문노,정보,812,14,15,812,27,27
506917001,2,논리설계및실습,3,30,이문노,정보,812,21,22,815,29,30
506917002,2,논리설계및실습,3,30,이문노,정보,812,21,22,815,31,32
506917003,2,논리설게및실습,3,30,김화선,정보,815,2,3,815,14,15
507428001,2,자바프로그래밍,3,33,장시웅,정보,811,9,10,816,29,30
507428002,2,자바프로그래밍,3,33,장시웅,정보,811,9,10,817,31,32
507428003,2,자바프로그래밍,3,33,장시웅,정보,817,23,24,817,34,35
