id,grade,classname,score,personnumber,professor,place,cn1,start1,end1,cn2,start2,end2
300268001,1,미학입분,3,46,윤자정,생과,217,30,31,217,34,34
300282001,1,"Media Information Literacy",3,28,문종대,1인,612,1,1,612,23,24
400140001,1,기초중국어,3,46,김인호,2인,409,29,30,409,34,34
400190001,1,기초한문,3,42,최중호,법정,408,31,32,408,34,34
900353001,1,기초일본어,3,42,다께이찌,1인,610,29,30,610,33,33
900353002,1,기초일본어,3,42,다께이찌,1인,610,31,32,610,34,34
