id,grade,classname,score,personnumber,professor,place,cn1,start1,end1,cn2,start2,end2
200091001,1,문학과인생,2,20,김도희,1인,504,14,15,NULL,NULL,NULL
200632001,1,창의적비전과철학,2,22,김보성,2인,213,14,15,NULL,NULL,NULL
200655001,1,한국문화와역사,2,-1,김인호,사이버,-1,-1,-1,NULL,NULL,NULL
200696001,1,라이프스타일과색채,2,24,윤혜경,정보,411,7,8,NULL,NULL,NULL
200776001,1,현대사회와철학상담,2,24,박진,2인,210,14,15,NULL,NULL,NULL
200805001,1,뮤지컬과음악의이해,2,24,최훈녀,예체,204,23,24,NULL,NULL,NULL
200829001,1,감성심리학,2,24,김보성,1인,611,7,8,NULL,NULL,NULL
200835001,1,글로벌영어와문화의사회언어학,2,24,송경숙,2인,311,14,15,NULL,NULL,NULL
200838001,1,"대중음악의 역사와 문화",2,24,손명균,공과,229,7,8,NULL,NULL,NULL
200839001,1,동서양문명사,2,20,박순준,2인,602,7,8,NULL,NULL,NULL
200841001,1,멘토인문학강의,2,24,안장혁,1인,501,14,15,NULL,NULL,NULL
200846001,1,현대중국인의철학과삶,2,24,이송민,2인,409,14,15,NULL,NULL,NULL
200850001,1,부산지역근현대사의이해,2,24,안환,2인,409,7,8,NULL,NULL,NULL
200855001,1,서양문명과음악,2,24,손명균,공과,416,23,24,NULL,NULL,NULL
200856001,1,성과사랑의인문학,2,20,이은정,상경,514,7,8,NULL,NULL,NULL
200863001,1,스포츠로소통하기,2,20,박철홍,상경,315,7,8,NULL,NULL,NULL
200865001,1,시와마음읽기,2,20,윤지영,2인,207,23,24,NULL,NULL,NULL
200866001,1,신화와종교,2,24,임창건,2인,311,23,24,NULL,NULL,NULL
200867001,1,아름다움의이해,2,24,김용하,공과,616,23,24,NULL,NULL,NULL
200873001,1,융합창의력개발과디자인적사고,2,16,양근숙,국제,503,23,24,NULL,NULL,NULL
200874001,1,이미지동아시아사,2,24,김형열,2인,408,14,15,NULL,NULL,NULL
200876001,1,이야기와인간과나,2,22,심지원,1인,610,14,15,NULL,NULL,NULL
200879001,1,일본문화의이해와한국문화,2,20,다께이찌,2인,206,7,8,NULL,NULL,NULL
200882001,1,재미있는중국한시이야기,2,24,김인호,2인,409,23,24,NULL,NULL,NULL
200894001,1,표현자유의역사,2,24,문종대,1인,302,7,8,NULL,NULL,NULL
200900001,1,현대미술산책,2,24,윤자정,생과,217,14,15,NULL,NULL,NULL
201004001,1,동의글로벌인성,2,24,심지원,2인,509,23,24,NULL,NULL,NULL
201007001,1,산업과색채의이해,2,24,윤헤경,정보,411,23,24,NULL,NULL,NULL
201010001,1,스포츠블루오션전략을통한스포,2,16,김종백,국제,407,14,15,NULL,NULL,NULL
201012001,1,마음의이해와철학적치유,2,22,정혜경,1인,314,14,15,NULL,NULL,NULL
201014001,1,웰니스면역과운동,2,24,곽이섭,상경,612,7,8,NULL,NULL,NULL
201015001,1,고전문학산책,2,18,장희창,법정,112,23,24,NULL,NULL,NULL
201016001,1,현대사회와명상,2,16,강경구,2인,509,14,15,NULL,NULL,NULL
201035001,1,콜라보합창,2,24,손명균,자대,120,14,15,NULL,NULL,NULL
201036001,1,태권도와문화,2,20,원형진,상경,313,14,15,NULL,NULL,NULL
201037001,1,행복에이르는지혜,2,20,천정미,1인,504,23,24,NULL,NULL,NULL
400623001,1,발달심리학,2,20,김보성,2인,208,23,24,NULL,NULL,NULL
800069001,1,스포츠와건강,2,20,박찬호,상경,214,14,15,NULL,NULL,NULL
