id,grade,classname,score,personnumber,professor,place,cn1,start1,end1,cn2,start2,end2
200142001,1,생활속의수리,2,14,강미광,자대,620,7,8,NULL,NULL,NULL
200669001,1,생활속의물리학,2,24,이수연,자대,619,35,36,NULL,NULL,NULL
200739001,1,한의학과생활건강,2,24,김경철,자대,725,23,24,NULL,NULL,NULL
200753001,1,사회생물학적인간탐구,2,18,허만규,자대,517,23,24,NULL,NULL,NULL
200786001,1,수학산책,2,24,김양곡,자대,725,7,8,NULL,NULL,NULL
200813001,1,한국의의료문화,2,20,이인선,정보,322,23,24,NULL,NULL,NULL
200831001,1,경영경제속기초수학,2,24,배정자,국제,405,7,8,NULL,NULL,NULL
200832001,1,과학과인문학의만남,2,24,허창순,공과,218,23,24,NULL,NULL,NULL
200836001,1,금융보험수학,2,24,배정자,상경,612,14,15,NULL,NULL,NULL
200842001,1,문명의이기와과학,2,24,유일,자대,524,7,8,NULL,NULL,NULL
200848001,1,별과외계행성,2,22,이종환,자대,619,14,15,NULL,NULL,NULL
200853001,1,생명의시작과진화그리고인류,2,-1,이정원,사이버,-1,-1,-1,NULL,NULL,NULL
200860001,1,수학의위대한순간들,2,24,류재칠,자대,627,14,15,NULL,NULL,NULL
200861001,1,수학콘서트,2,24,배정자,공과,216,31,32,NULL,NULL,NULL
200864001,1,스포츠와과학,2,24,이수연,자대,725,14,15,NULL,NULL,NULL
200877001,1,인간과피복환경,2,24,윤혜경,정보,411,14,15,NULL,NULL,NULL
200881001,1,재미있는나노과학입문,2,24,유일,자대,524,23,24,NULL,NULL,NULL
200898001,1,한국의생물과식품,2,18,허만규,자대,517,7,8,NULL,NULL,NULL
200903001,1,환경과방사능,2,18,이수연,공과,420,23,24,NULL,NULL,NULL
201002001,1,생활속의통계이해,2,20,김수환,공과,413,7,8,NULL,NULL,NULL
201011001,1,한의학을통한내몸알아보기,2,24,박신형,생과,217,23,24,NULL,NULL,NULL
201018001,1,사회속의수리이야기,2,-1,김수환,사이버,-1,-1,-1,NULL,NULL,NULL
201021001,1,범죄현장에서과학의발견,2,18,이수연,자대,718,7,8,NULL,NULL,NULL
201031001,1,숲길걷기,2,24,김태영,공과,516,14,15,NULL,NULL,NULL
