id,grade,classname,score,personnumber,professor,place,cn1,start1,end1,cn2,start2,end2
200816001,2,외국인을위한학습법세미나2,2,20,정윤희,국제,910,23,24,NULL,NULL,NULL
201057001,2,콜라보체험활동,2,12,정주영,2인,508,14,15,NULL,NULL,NULL
201057002,2,콜라보체험활동,2,12,천정미,산학,314,7,8,NULL,NULL,NULL
201057003,2,콜라보체험활동,2,12,양근숙,2인,508,7,8,NULL,NULL,NULL
201057004,2,콜라보체험활동,2,12,이미화,지천관,304,7,8,NULL,NULL,NULL
201057005,2,콜라보체험활동,2,12,안세훈,국제,801,23,24,NULL,NULL,NULL
