id,grade,classname,score,personnumber,professor,place,cn1,start1,end1,cn2,start2,end2
200482001,1,전쟁사,2,24,김영승,정보,209,21,22,NULL,NULL,NULL
200508001,1,국가보안론,2,24,김영승,정보,210,14,15,NULL,NULL,NULL
200509001,1,무기체계론,2,24,김영승,정보,210,7,8,NULL,NULL,NULL
200954001,1,여행의기술,2,14,이영학,지천관,304,14,15,NULL,NULL,NULL
201022001,1,리더십,2,24,김영승,정보,714,5,6,NULL,NULL,NULL
201056001,1,스피치트레이닝,2,12,신윤주,산학,314,14,15,NULL,NULL,NULL
201058001,1,마을르네상스,2,16,최연주,1인,612,14,15,NULL,NULL,NULL
201059001,1,영상콘텐츠의이해와제작,2,14,박성대,산학,718,7,8,NULL,NULL,NULL
