id,grade,classname,score,personnumber,professor,place,cn1,start1,end1,cn2,start2,end2
200661001,1,글로벌시장과소비자,2,24,강혜경,생과,505,23,24,NULL,NULL,NULL
200762001,1,사이버범죄의이해,2,-1,최종술,사이버,-1,-1,-1,NULL,NULL,NULL
200784001,1,기업과회계정보,2,24,신희정,국제,406,23,24,NULL,NULL,NULL
200823001,1,21세기글로벌경제,2,24,김태완,상경,413,7,8,NULL,NULL,NULL
200834001,1,글로벌시대의경영학산책,2,24,권혁기,국제,405,23,24,NULL,NULL,NULL
200840001,1,매스미디어와디지털사회,2,22,이준호,1인,314,7,8,NULL,NULL,NULL
200849001,1,복지사회와사회적경제,2,24,김옥희,법정,302,7,8,NULL,NULL,NULL
200851001,1,비합리적소비의심리,2,24,김상조,국제,405,14,15,NULL,NULL,NULL
200858001,1,SNS의이해와마케팅활용,2,-1,홍한국,사이버,-1,-1,-1,NULL,NULL,NULL
200872001,1,유통물류의기초,2,24,조상리,국제,502,23,24,NULL,NULL,NULL
200878001,1,인터넷과법률,2,24,정하윤,법정,201,7,8,NULL,NULL,NULL
200887001,1,창업가정신과비즈니스모델,2,24,김상문,산학,415,7,8,NULL,NULL,NULL
200890001,1,창조관광MICE의이해,2,24,여호근,국제,901,7,8,NULL,NULL,NULL
200902001,1,현대자본주의이해,2,24,박태진,상경,512,7,8,NULL,NULL,NULL
201000001,1,현대스포츠사회현상읽기,2,24,김찬룡,상경,613,23,24,NULL,NULL,NULL
201001001,1,성공적인미래설계,2,24,양외금,2인,410,7,8,NULL,NULL,NULL
201008001,1,스마트한생활과경제,2,24,김태완,상경,413,23,24,NULL,NULL,NULL
201009001,1,스마트경영과e비즈니스,2,20,이동영,국제,506,23,24,NULL,NULL,NULL
201027001,1,노동을위한법률,2,24,정하윤,법정,201,14,15,NULL,NULL,NULL
201028001,1,다양성과사회,2,24,서보순,1인,601,7,8,NULL,NULL,NULL
201030001,1,수학을통해본사이버세상과범죄,2,24,배정자,자대,628,35,36,NULL,NULL,NULL
201033001,1,웰빙식생활관리,2,20,황지영,자대,619,7,8,NULL,NULL,NULL
201034001,1,재미있는스토리텔링의법칙,2,24,공지흔,산학,622,23,24,NULL,NULL,NULL
300256001,1,기후금융보험의이해,2,24,박광수,상경,513,7,8,NULL,NULL,NULL
400198001,1,매스컴과사회,2,22,김천수,1인,314,23,24,NULL,NULL,NULL
400205001,1,무역학원론,2,24,한기조,상경,414,14,15,NULL,NULL,NULL
502673001,1,외식산업론,2,24,배금광,국제,907,14,15,NULL,NULL,NULL
502973001,1,인터넷마케팅,2,-1,이문봉,사이버,-1,-1,-1,NULL,NULL,NULL
504478001,1,현대사회와정치,2,18,신미라,2인,208,7,8,NULL,NULL,NULL
