id,grade,classname,score,personnumber,professor,place,cn1,start1,end1,cn2,start2,end2
200106001,1,발명특허의세계,2,18,최정윤,생과,501,14,15,NULL,NULL,NULL
200248001,1,정보통신과미래사회,2,24,이유종,정보,710,7,8,NULL,NULL,NULL
200800001,1,영화속의생명공학,2,24,진수정,자대,627,23,24,NULL,NULL,NULL
200825001,1,ICT기반의창조경제,2,24,권오준,정보,914,7,8,NULL,NULL,NULL
200827001,1,IT세상의매래사회,2,24,장경식,공과,427,23,24,NULL,NULL,NULL
200828001,1,Python을이용한프로그래밍기초,2,16,우영운,산학,618,7,8,NULL,NULL,NULL
200844001,1,문학기술과디지털콘텐츠,2,20,김영철,산학,717,14,15,NULL,NULL,NULL
200847001,1,미래의유비쿼터스컴퓨팅,2,16,장희숙,정보,915,7,8,NULL,NULL,NULL
200857001,1,세계의트렌드와매래문화,2,24,김치용,산학,522,7,8,NULL,NULL,NULL
200859001,1,소프트웨어의역할과컴퓨팅적사고,2,24,김근형,산학,622,7,8,NULL,NULL,NULL
200868001,1,알기쉬운영상정보장치,2,24,유일,자대,524,14,15,NULL,NULL,NULL
200870001,1,웹세계에대한기반체제,2,-1,이창열,사이버,-1,-1,-1,NULL,NULL,NULL
200880001,1,재난과건설기술,2,28,문두열,공과,327,23,24,NULL,NULL,NULL
200888001,1,컴퓨팅적사고키우기,2,16,장성진,정보,206,7,8,NULL,NULL,NULL
200896001,1,학교안전지도사개론,2,24,진병문,자대,627,7,8,NULL,NULL,NULL
201024001,1,3D입체음향,2,24,이강승,정보,811,14,15,NULL,NULL,NULL
201026001,1,AI와미래사회,2,24,김진일,정보,812,23,24,NULL,NULL,NULL
201029001,1,발명특허와관리,2,18,정진옥,법정,206,23,24,NULL,NULL,NULL
401476001,1,디지털게임창작,2,24,서진석,산학,623,23,24,NULL,NULL,NULL
